published_at,source,category,title,summary,url,market_tag,impact_hint
2026-10-08 14:00:00,Tom's Hardware,Market news,"Software could be the easiest fix for hyperscalers' AI power squeeze, researchers say — data center demand is expected to rival Japan's electricity usage by 2030 - Tom's Hardware","Software could be the easiest fix for hyperscalers' AI power squeeze, researchers say — data center demand is expected to rival Japan's electricity usage by 2030  Tom's Hardware",https://news.google.com/rss/articles/CBMitwJBVV95cUxNY2wtRUNDdWdKTTBMaExLNXV1bzlOR0FaSm5xbk5CVnk5Y21EcXk0aFV6YTFiY0FCNjNQdDEzbjdEeWNPRVZRMmIzTkpHaGVYU1FjbFhmMDZkQW5WUHU3VlFKOHp0TkZ2eHprWmZTLS1lX2xpZHR4NFhMbWYxV2VTQVJhRlM3WGx6MDBYUEdMUE5MWHBla1FESHplZU1lQWRZbjEyVFRZQVZVeHFhMlN1UEFFQmRHS1k1VndoM3BpUTI1ckNCbmNjV3FLX3VaSExSVUxYdlZzczR3X2o2X0pJZjUwemQtZXlyZWtkdDZyaFJRTUZnYW9xUGw4WGZRTGNFV0RlaXg1Zm8ydnhuOWtGTTI0UU9tclVja1ZhS055eXZPakFudmZ5dXhOMzNiajRKV2Q2bWV2bw?oc=5,Japan Power,Monitor for desk relevance
2026-09-28 07:00:00,Yale E360,Generation outlook,"Short on Land, Japan Is Building Solar Farms on Old Golf Courses - Yale E360","Short on Land, Japan Is Building Solar Farms on Old Golf Courses  Yale E360",https://news.google.com/rss/articles/CBMiY0FVX3lxTE1PQm9FY0dLdHBFNnlQVVJCYlRFcHFfX2VVaHVvR0FCei1tNnpIVk9EcGVIYlZRRDVvSHlxMkc0M3N5Tnp3RWMyUkhONnZURC1VT2NrT0VHeVMycUZ6Ql9kc05pcw?oc=5,Solar/Renewables,Daytime supply growth / curtailment watch
2026-09-14 07:00:00,The Times of India,Generation outlook,"Japan nuclear operator chief to quit after quake data scandal, reactor restart plans hit - The Times of India","Japan nuclear operator chief to quit after quake data scandal, reactor restart plans hit  The Times of India",https://news.google.com/rss/articles/CBMi_gFBVV95cUxPTm9nM0luUUJxU05YTzN3dEhodW5UM1U5VklwM3lyTF90dVQ2ZlZNdGJmaUowcktMTGVPTkQzblpMX3RaRHFvVER3SjlkaTc2ZHFpYklwd3BCMkdHV2RzZTY0dGIxMmg0QmNTNjBpOURRS05lUklJb0pnWE9JbVdYdXV4U0NybXJleUhwb2dIVEV4M05SN2RWZjA1bV96S1p6ZzJ4Z000VmlnbXdjcDBPU05WZlg0WENTLXVnTFdmN2NrTmM3Uzk0eXFjTzVaSHRtcGN1cTc4SEt1OHpEODh4d1F0SlFVMWNmNzhmZzdBTDNFNU9hT1VmN1ZqTDVvQdIBgwJBVV95cUxOaGxaMXZ1OU9iaFo5RjQ3ckNEMi13ZTdmMnRqX3pxaHdkc0l1cTlMMGVpRFdEbE1kb2pWQURHaVVqUC1YRjNrTWptQ2Q1b3RCSFdPNENUdzljVmZvSk1zNGlYb2w4OTYzVkQ2YW1oZXllX2JfMDkwcXR2LUZLS1k5c2oxZktpZjBvb2dhekRMeG5tZk8wTERoWVk3aHFBN21pSlVBMjRNeUNRbTJVUnlZRHgzZTROMF8yaVRwYzNtazRlLWtMX2pxaVl0RTVGU2YxclNZN2FWRWdKUy01V1AwV2xRM0ZZWXV3UHVjS0xZTTRKNlVPbzBTQ3otaWVsenVpRE9Z?oc=5,Nuclear,Baseload availability / regional supply watch
2026-09-14 07:00:00,The Star,Generation outlook,Two top execs at scandal-hit Japan nuclear plant operator resign - The Star,Two top execs at scandal-hit Japan nuclear plant operator resign  The Star,https://news.google.com/rss/articles/CBMixgFBVV95cUxQNzgtSlV3MUVhQTJacTZJdktmM0wyWXJQUXF6eWVRZDZ4anp6VzBlVVhMVVZGREJQejFXYW9iWHlKbG11ZzV3d3Zyd1J3bDZsbVVnLTdLX196ZmtMTjRJUjl5SUtvN3BuUjFQMUZlUU5neHBUbFl2Q3dfalhya2plRWFxT2toNXEwbENWcS1iNUE1dDktTTVjYVhMX2NxcE1qVXZteGk5Qkx5cTdkc01EbzRDaXh3R19BbkZuS1U5b0NNT2JwalE?oc=5,Nuclear,Baseload availability / regional supply watch
2026-09-12 07:00:00,Nikkei Asia,Market structure,"Mitsui, Tokyo Gas join Japan power market players to talk long-term trading - Nikkei Asia","Mitsui, Tokyo Gas join Japan power market players to talk long-term trading  Nikkei Asia",https://news.google.com/rss/articles/CBMitAFBVV95cUxObXNxVUpMV2VVdHFEUE1ybmNrS2N1TV82M1RFM0hvdU4wVVZJLTR3TC04Vi1leGxpTUVIT09RaXZWNUFzWHFVX1VZRlVQbDh4UnQxQkdXRXdUYklNampyRGxTbkVDY1dUay10QkRFeEg1bW1OYUJRWVJZSXVwOTFiTkoySC1aYjlrMVBuc0ZZcnZtb290UFVKX3J3bFFNME1HVzY5aldUSzFkanJ2aGZhMlNtTWE?oc=5,JEPX,Market operation / liquidity watch
2026-09-08 00:00:00,JEPX notices,Market news,取引システムの更改について,,https://www.jepx.jp/electricpower/news/pdf/jepx20260908.pdf,Japan Power,Monitor for desk relevance
2026-08-31 00:00:00,JEPX notices,Market news,ベースロード市場の値差補填・徴収の対象期間延長に伴い、取引規程を改定しました。,,https://www.jepx.jp/electricpower/outline/#rule,Japan Power,Monitor for desk relevance
2026-08-21 00:00:00,JEPX notices,Market news,2026年度第1回ベースロード取引の中止について,,https://www.jepx.jp/electricpower/news/20260821.html,Japan Power,Monitor for desk relevance
2026-08-05 00:00:00,OCCTO releases,Market news,Aggregation of Electricity Supply Plans for FY 2026,,https://www.occto.or.jp/en/information_disclosure/supply_plan/260805_aggregation_supplyplan.html,Japan Power,Monitor for desk relevance
2026-06-25 00:00:00,JEPX notices,Market news,2026年度ベースロード取引市場のスケジュールを公開しました。,,https://www.jepx.jp/electricpower/outline/#schedule,Japan Power,Monitor for desk relevance
2026-05-28 00:00:00,JEPX notices,Market news,間接送電権清算書の変更について,,https://www.jepx.jp/electricpower/news/pdf/jepx20260528.pdf,Japan Power,Monitor for desk relevance
2026-04-17 00:00:00,JEPX notices,Market news,間接送電権市場 売り入札の量および価格の考え方についての資料を公開しました。,,https://www.jepx.jp/electricpower/outline/#rule,Japan Power,Monitor for desk relevance
2026-03-30 00:00:00,JEPX notices,Market news,取引規程を改定しました。,,https://www.jepx.jp/electricpower/outline/#rule,Japan Power,Monitor for desk relevance
2026-02-20 00:00:00,JEPX notices,Market news,時間前取引の停止について,,https://www.jepx.jp/electricpower/news/pdf/jepx20260220.pdf,Japan Power,Monitor for desk relevance
2026-01-14 00:00:00,OCCTO releases,Market news,Report on the Quality of Electricity Supply-Data for FY 2024,,https://www.occto.or.jp/en/information_disclosure/report_on_the_quality/of_electricity_supply_data_for_fy2024.html,Japan Power,Monitor for desk relevance
2025-11-10 00:00:00,OCCTO releases,System outlook,Outlook for Electricity Supply-Demand and Cross-regional Interconnection Lines FY 2024,,https://www.occto.or.jp/en/information_disclosure/outlook_of_electricity_supply-demand/251110_outlook_of_electricity.html,Grid/Capacity,Regional basis / adequacy watch
